Keyword,Original weighted score,B2B score,Category,Target URL,Content treatment,Original verification note
adjustable computer desk factories,79,95,升降桌,https://huangsifurniture.com/products/height-adjustable-desk,Natural wording within mapped buyer topic,来源搜索量为0，先验证需求
adjustable computer desk manufacturer,79,95,升降桌,https://huangsifurniture.com/products/height-adjustable-desk,Exact phrase in page,来源搜索量为0，先验证需求
adjustable computer desk supplier,79,95,升降桌,https://huangsifurniture.com/products/height-adjustable-desk,Exact phrase in page,来源搜索量为0，先验证需求
adjustable computer desk suppliers,79,95,升降桌,https://huangsifurniture.com/products/height-adjustable-desk,Natural wording within mapped buyer topic,来源搜索量为0，先验证需求
adjustable desk factories,79,95,升降桌,https://huangsifurniture.com/products/height-adjustable-desk,Natural wording within mapped buyer topic,来源搜索量为0，先验证需求
adjustable desk factory,79,95,升降桌,https://huangsifurniture.com/products/height-adjustable-desk,Natural wording within mapped buyer topic,来源搜索量为0，先验证需求
adjustable office desk factories,79,95,升降桌,https://huangsifurniture.com/products/height-adjustable-desk,Natural wording within mapped buyer topic,来源搜索量为0，先验证需求
adjustable office desk manufacturers,79,95,升降桌,https://huangsifurniture.com/products/height-adjustable-desk,Natural wording within mapped buyer topic,来源搜索量为0，先验证需求
adjustable workstation desk factory,79,95,升降工位,https://huangsifurniture.com/products/height-adjustable-desk,Natural wording within mapped buyer topic,来源搜索量为0，先验证需求
basic adjustable desk supplier,79,95,升降桌,https://huangsifurniture.com/products/height-adjustable-desk,Natural wording within mapped buyer topic,来源搜索量为0，先验证需求
china adjustable computer desk manufacturers,79,95,升降桌,https://huangsifurniture.com/products/height-adjustable-desk,Natural wording within mapped buyer topic,来源搜索量为0，先验证需求
china adjustable computer desk supplier,79,95,升降桌,https://huangsifurniture.com/products/height-adjustable-desk,Natural wording within mapped buyer topic,来源搜索量为0，先验证需求
heavy duty adjustable desk oem,79,95,升降桌,https://huangsifurniture.com/products/height-adjustable-desk,Topic covered; specific construction or wording requires confirmation,来源搜索量为0，先验证需求；规格或措辞待核实；使用前核实具体结构、升降方式或规格
office height adjustable desk factory,79,95,升降桌,https://huangsifurniture.com/products/height-adjustable-desk,Natural wording within mapped buyer topic,来源搜索量为0，先验证需求
accent chair manufacturers,76.3,95,休闲椅,https://huangsifurniture.com/products/lounge-chairs,Exact phrase in page,休闲椅可覆盖部分装饰椅需求，勿承诺未确认款式
accent chair supplier,76.3,95,休闲椅,https://huangsifurniture.com/products/lounge-chairs,Exact phrase in page,休闲椅可覆盖部分装饰椅需求，勿承诺未确认款式
conference chair white factories,74.5,95,会议椅,https://huangsifurniture.com/products/leather-office-chair,Topic covered; specific construction or wording requires confirmation,来源搜索量为0，先验证需求；原词表达不自然，内容中改用自然英文；规格或措辞待核实
adjustable commercial office furniture,74.1,80,办公家具,https://huangsifurniture.com/,Natural wording within mapped buyer topic,
custom adjustable desks,74.1,80,升降桌,https://huangsifurniture.com/products/height-adjustable-desk,Exact phrase in page,
custom adjustable workstations,74.1,80,升降工位,https://huangsifurniture.com/products/height-adjustable-desk,Natural wording within mapped buyer topic,
adjustable desk commercial,71.5,80,升降桌,https://huangsifurniture.com/products/height-adjustable-desk,Natural wording within mapped buyer topic,来源搜索量为0，先验证需求
adjustable desk custom,71.5,80,升降桌,https://huangsifurniture.com/products/height-adjustable-desk,Natural wording within mapped buyer topic,来源搜索量为0，先验证需求
adjustable desk modular,71.5,80,升降桌,https://huangsifurniture.com/products/height-adjustable-desk,Natural wording within mapped buyer topic,来源搜索量为0，先验证需求
adjustable height office desk modular workstations,71.5,80,升降工位,https://huangsifurniture.com/products/height-adjustable-desk,Natural wording within mapped buyer topic,来源搜索量为0，先验证需求
adjustable modular workstation,71.5,80,升降工位,https://huangsifurniture.com/products/height-adjustable-desk,Natural wording within mapped buyer topic,来源搜索量为0，先验证需求
commercial adjustable desk,71.5,80,升降桌,https://huangsifurniture.com/products/height-adjustable-desk,Natural wording within mapped buyer topic,来源搜索量为0，先验证需求
commercial adjustable desk office,71.5,80,升降桌,https://huangsifurniture.com/products/height-adjustable-desk,Natural wording within mapped buyer topic,来源搜索量为0，先验证需求
commercial adjustable workstation,71.5,80,升降工位,https://huangsifurniture.com/products/height-adjustable-desk,Exact phrase in page,来源搜索量为0，先验证需求
custom size adjustable desk,71.5,80,升降桌,https://huangsifurniture.com/products/height-adjustable-desk,Natural wording within mapped buyer topic,来源搜索量为0，先验证需求
custom size adjustable desk with drawer,71.5,80,升降桌,https://huangsifurniture.com/products/height-adjustable-desk,Topic covered; specific construction or wording requires confirmation,来源搜索量为0，先验证需求；规格或措辞待核实
multi seat adjustable workstation,71.5,80,升降工位,https://huangsifurniture.com/products/height-adjustable-desk,Natural wording within mapped buyer topic,来源搜索量为0，先验证需求
office benching adjustable desk,71.5,80,升降工位,https://huangsifurniture.com/products/height-adjustable-desk,Natural wording within mapped buyer topic,来源搜索量为0，先验证需求
adjustable office furniture,70.7,65,办公家具,https://huangsifurniture.com/,Natural wording within mapped buyer topic,
adjustable computer workstation,67.3,65,升降工位,https://huangsifurniture.com/products/height-adjustable-desk,Natural wording within mapped buyer topic,
adjustable computer workstations,67.3,65,升降工位,https://huangsifurniture.com/products/height-adjustable-desk,Natural wording within mapped buyer topic,
adjustable desktop computer workstation,67.3,65,升降工位,https://huangsifurniture.com/products/height-adjustable-desk,Natural wording within mapped buyer topic,
adjustable desktop workstation,67.3,65,升降工位,https://huangsifurniture.com/products/height-adjustable-desk,Natural wording within mapped buyer topic,
adjustable height computer workstation,67.3,65,升降工位,https://huangsifurniture.com/products/height-adjustable-desk,Natural wording within mapped buyer topic,
adjustable workstation desks,67.3,65,升降工位,https://huangsifurniture.com/products/height-adjustable-desk,Natural wording within mapped buyer topic,
office computer workstation desk,67.3,65,升降工位,https://huangsifurniture.com/products/height-adjustable-desk,Natural wording within mapped buyer topic,
office furniture adjustable desk,67.3,65,办公家具,https://huangsifurniture.com/,Natural wording within mapped buyer topic,
office furniture adjustable height desk,67.3,65,办公家具,https://huangsifurniture.com/,Natural wording within mapped buyer topic,
office furniture computer desk,67.3,65,办公家具,https://huangsifurniture.com/,Natural wording within mapped buyer topic,
office furniture height adjustable desk,67.3,65,办公家具,https://huangsifurniture.com/,Natural wording within mapped buyer topic,
adjustable desk workstation,66.6,65,升降工位,https://huangsifurniture.com/products/height-adjustable-desk,Natural wording within mapped buyer topic,
adjustable desktop workstations,66.6,65,升降工位,https://huangsifurniture.com/products/height-adjustable-desk,Natural wording within mapped buyer topic,
adjustable height desk office furniture,66.6,65,办公家具,https://huangsifurniture.com/,Natural wording within mapped buyer topic,
adjustable workstations desks,66.6,65,升降工位,https://huangsifurniture.com/products/height-adjustable-desk,Natural wording within mapped buyer topic,
computer adjustable workstation,66.6,65,升降工位,https://huangsifurniture.com/products/height-adjustable-desk,Natural wording within mapped buyer topic,
desktop adjustable workstation,66.6,65,升降工位,https://huangsifurniture.com/products/height-adjustable-desk,Natural wording within mapped buyer topic,
desk in office,65.8,50,办公桌与工位,https://huangsifurniture.com/products/staff-desk,Natural wording within mapped buyer topic,
professional office computer desk,65.1,65,办公桌与工位,https://huangsifurniture.com/products/staff-desk,Natural wording within mapped buyer topic,
adjustable height executive office desk,64.3,65,行政办公桌,https://huangsifurniture.com/products/executive-office-desk,Natural wording within mapped buyer topic,
adjustable height u shaped executive office desk,64.3,65,行政办公桌,https://huangsifurniture.com/products/executive-office-desk,Topic covered; specific construction or wording requires confirmation,使用前核实具体结构、升降方式或规格
adjustable 48 in workstation for computer,64,65,升降工位,https://huangsifurniture.com/products/height-adjustable-desk,Natural wording within mapped buyer topic,来源搜索量为0，先验证需求
adjustable computer workstation desk,64,65,升降工位,https://huangsifurniture.com/products/height-adjustable-desk,Natural wording within mapped buyer topic,来源搜索量为0，先验证需求
adjustable height computer desk workstation,64,65,升降工位,https://huangsifurniture.com/products/height-adjustable-desk,Natural wording within mapped buyer topic,来源搜索量为0，先验证需求
adjustable height computer workstations,64,65,升降工位,https://huangsifurniture.com/products/height-adjustable-desk,Natural wording within mapped buyer topic,来源搜索量为0，先验证需求
adjustable office furniture system,64,65,办公家具,https://huangsifurniture.com/,Natural wording within mapped buyer topic,来源搜索量为0，先验证需求
adjustable office workstation system,64,65,升降工位,https://huangsifurniture.com/products/height-adjustable-desk,Natural wording within mapped buyer topic,来源搜索量为0，先验证需求
adjustable office workstations,64,65,升降工位,https://huangsifurniture.com/products/height-adjustable-desk,Natural wording within mapped buyer topic,来源搜索量为0，先验证需求
adjustable table office furniture,64,65,办公家具,https://huangsifurniture.com/,Natural wording within mapped buyer topic,来源搜索量为0，先验证需求
adjustable workstation benefits,64,65,升降工位,https://huangsifurniture.com/products/height-adjustable-desk,Natural wording within mapped buyer topic,来源搜索量为0，先验证需求
adjustable workstation for computer,64,65,升降工位,https://huangsifurniture.com/products/height-adjustable-desk,Natural wording within mapped buyer topic,来源搜索量为0，先验证需求
adjustable workstation furniture,64,65,升降工位,https://huangsifurniture.com/products/height-adjustable-desk,Natural wording within mapped buyer topic,来源搜索量为0，先验证需求
adjustable workstation system,64,65,升降工位,https://huangsifurniture.com/products/height-adjustable-desk,Natural wording within mapped buyer topic,来源搜索量为0，先验证需求
adjustable workstations ergonomics,64,65,升降工位,https://huangsifurniture.com/products/height-adjustable-desk,Natural wording within mapped buyer topic,来源搜索量为0，先验证需求
back to back adjustable workstation,64,65,升降工位,https://huangsifurniture.com/products/height-adjustable-desk,Natural wording within mapped buyer topic,来源搜索量为0，先验证需求
china adjustable workstation desk,64,65,升降工位,https://huangsifurniture.com/products/height-adjustable-desk,Natural wording within mapped buyer topic,来源搜索量为0，先验证需求
compact adjustable meeting desks,64,65,升降桌,https://huangsifurniture.com/products/height-adjustable-desk,Natural wording within mapped buyer topic,来源搜索量为0，先验证需求
compact adjustable workstation,64,65,升降工位,https://huangsifurniture.com/products/height-adjustable-desk,Natural wording within mapped buyer topic,来源搜索量为0，先验证需求
desk workstation office furniture,64,65,办公家具,https://huangsifurniture.com/,Natural wording within mapped buyer topic,来源搜索量为0，先验证需求
desktop adjustable computer workstation,64,65,升降工位,https://huangsifurniture.com/products/height-adjustable-desk,Natural wording within mapped buyer topic,来源搜索量为0，先验证需求
desktop adjustable height computer workstation,64,65,升降工位,https://huangsifurniture.com/products/height-adjustable-desk,Natural wording within mapped buyer topic,来源搜索量为0，先验证需求
efficient office workstation desk,64,65,升降工位,https://huangsifurniture.com/products/height-adjustable-desk,Natural wording within mapped buyer topic,来源搜索量为0，先验证需求
large adjustable workstation,64,65,升降工位,https://huangsifurniture.com/products/height-adjustable-desk,Natural wording within mapped buyer topic,来源搜索量为0，先验证需求
large workstation adjustable desk,64,65,升降工位,https://huangsifurniture.com/products/height-adjustable-desk,Natural wording within mapped buyer topic,来源搜索量为0，先验证需求
modern office furniture adjustable height,64,65,办公家具,https://huangsifurniture.com/,Natural wording within mapped buyer topic,来源搜索量为0，先验证需求
multi column adjustable workstation,64,65,升降工位,https://huangsifurniture.com/products/height-adjustable-desk,Natural wording within mapped buyer topic,来源搜索量为0，先验证需求
office furniture for multiple computers,64,65,办公家具,https://huangsifurniture.com/,Natural wording within mapped buyer topic,来源搜索量为0，先验证需求
office furniture l shape adjustable desk,64,65,办公家具,https://huangsifurniture.com/,Natural wording within mapped buyer topic,来源搜索量为0，先验证需求
office furniture with adjustable height desk,64,65,办公家具,https://huangsifurniture.com/,Natural wording within mapped buyer topic,来源搜索量为0，先验证需求
arm chair for office,64,50,办公椅,https://huangsifurniture.com/products/mesh-office-chairs,Natural wording within mapped buyer topic,
desks offices,63.9,50,办公桌与工位,https://huangsifurniture.com/products/staff-desk,Natural wording within mapped buyer topic,原词表达不自然，内容中改用自然英文
desks office,63.9,50,办公桌与工位,https://huangsifurniture.com/products/staff-desk,Natural wording within mapped buyer topic,原词表达不自然，内容中改用自然英文
adjustable executive office desk,63.6,65,行政办公桌,https://huangsifurniture.com/products/executive-office-desk,Exact phrase in page,
adjustable height executive desks,63.6,65,行政办公桌,https://huangsifurniture.com/products/executive-office-desk,Natural wording within mapped buyer topic,
adjustable height u-shaped executive office desk,63.6,65,行政办公桌,https://huangsifurniture.com/products/executive-office-desk,Topic covered; specific construction or wording requires confirmation,使用前核实具体结构、升降方式或规格
height adjustable executive desks,63.6,65,行政办公桌,https://huangsifurniture.com/products/executive-office-desk,Natural wording within mapped buyer topic,
table desk for office,62.7,50,办公桌与工位,https://huangsifurniture.com/products/staff-desk,Natural wording within mapped buyer topic,原词表达不自然，内容中改用自然英文
adjustable executive computer desk,61,65,行政办公桌,https://huangsifurniture.com/products/executive-office-desk,Natural wording within mapped buyer topic,来源搜索量为0，先验证需求
adjustable executive desk with return,61,65,行政办公桌,https://huangsifurniture.com/products/executive-office-desk,Natural wording within mapped buyer topic,来源搜索量为0，先验证需求
adjustable height l shaped executive office desk,61,65,行政办公桌,https://huangsifurniture.com/products/executive-office-desk,Natural wording within mapped buyer topic,来源搜索量为0，先验证需求；使用前核实具体结构、升降方式或规格
adjustable height l-shaped executive office desk,61,65,行政办公桌,https://huangsifurniture.com/products/executive-office-desk,Natural wording within mapped buyer topic,来源搜索量为0，先验证需求；使用前核实具体结构、升降方式或规格
adjustable height u shaped executive desk,61,65,行政办公桌,https://huangsifurniture.com/products/executive-office-desk,Topic covered; specific construction or wording requires confirmation,来源搜索量为0，先验证需求；使用前核实具体结构、升降方式或规格
executive adjustable desks,61,65,行政办公桌,https://huangsifurniture.com/products/executive-office-desk,Natural wording within mapped buyer topic,来源搜索量为0，先验证需求
height adjustable executive l desk,61,65,行政办公桌,https://huangsifurniture.com/products/executive-office-desk,Natural wording within mapped buyer topic,来源搜索量为0，先验证需求
height adjustable executive office desk,61,65,行政办公桌,https://huangsifurniture.com/products/executive-office-desk,Natural wording within mapped buyer topic,来源搜索量为0，先验证需求
chair in office,60.7,50,办公椅,https://huangsifurniture.com/products/mesh-office-chairs,Natural wording within mapped buyer topic,
3 seater office couch,59.8,50,办公沙发,https://huangsifurniture.com/products/office-sofa,Natural wording within mapped buyer topic,
adjustable desk office,59.8,50,升降桌,https://huangsifurniture.com/products/height-adjustable-desk,Natural wording within mapped buyer topic,
adjustable height corner office desk,59.8,50,升降桌,https://huangsifurniture.com/products/height-adjustable-desk,Natural wording within mapped buyer topic,使用前核实具体结构、升降方式或规格
adjustable height l shaped office desk,59.8,50,升降桌,https://huangsifurniture.com/products/height-adjustable-desk,Natural wording within mapped buyer topic,使用前核实具体结构、升降方式或规格
adjustable height office desk with drawers,59.8,50,升降桌,https://huangsifurniture.com/products/height-adjustable-desk,Topic covered; specific construction or wording requires confirmation,规格或措辞待核实
adjustable l shaped office desk,59.8,50,升降桌,https://huangsifurniture.com/products/height-adjustable-desk,Natural wording within mapped buyer topic,使用前核实具体结构、升降方式或规格
adjustable office desk with storage,59.8,50,升降桌,https://huangsifurniture.com/products/height-adjustable-desk,Natural wording within mapped buyer topic,
adjustable office desks ergonomic,59.8,50,升降桌,https://huangsifurniture.com/products/height-adjustable-desk,Natural wording within mapped buyer topic,
adjustable office table desk,59.8,50,升降桌,https://huangsifurniture.com/products/height-adjustable-desk,Natural wording within mapped buyer topic,原词表达不自然，内容中改用自然英文
adjustable office work table,59.8,50,升降桌,https://huangsifurniture.com/products/height-adjustable-desk,Natural wording within mapped buyer topic,
automatic office table,59.8,50,升降桌,https://huangsifurniture.com/products/height-adjustable-desk,Natural wording within mapped buyer topic,使用前核实具体结构、升降方式或规格
elevated office desks,59.8,50,升降桌,https://huangsifurniture.com/products/height-adjustable-desk,Natural wording within mapped buyer topic,
height adjustable desk office,59.8,50,升降桌,https://huangsifurniture.com/products/height-adjustable-desk,Natural wording within mapped buyer topic,
high low office desk,59.8,50,升降桌,https://huangsifurniture.com/products/height-adjustable-desk,Natural wording within mapped buyer topic,
l shaped adjustable office desk,59.8,50,升降桌,https://huangsifurniture.com/products/height-adjustable-desk,Natural wording within mapped buyer topic,使用前核实具体结构、升降方式或规格
l shaped office desk adjustable height,59.8,50,升降桌,https://huangsifurniture.com/products/height-adjustable-desk,Natural wording within mapped buyer topic,使用前核实具体结构、升降方式或规格
l shaped office desk with adjustable height,59.8,50,升降桌,https://huangsifurniture.com/products/height-adjustable-desk,Natural wording within mapped buyer topic,使用前核实具体结构、升降方式或规格
modern adjustable office desk,59.8,50,升降桌,https://huangsifurniture.com/products/height-adjustable-desk,Natural wording within mapped buyer topic,
modern office desk adjustable height,59.8,50,升降桌,https://huangsifurniture.com/products/height-adjustable-desk,Natural wording within mapped buyer topic,
office chair for adjustable desk,59.8,50,升降桌,https://huangsifurniture.com/products/height-adjustable-desk,Natural wording within mapped buyer topic,
office desk adjustable height with drawers,59.8,50,升降桌,https://huangsifurniture.com/products/height-adjustable-desk,Topic covered; specific construction or wording requires confirmation,规格或措辞待核实
office desk automatic,59.8,50,升降桌,https://huangsifurniture.com/products/height-adjustable-desk,Natural wording within mapped buyer topic,使用前核实具体结构、升降方式或规格
office desk l shaped height adjustable,59.8,50,升降桌,https://huangsifurniture.com/products/height-adjustable-desk,Natural wording within mapped buyer topic,使用前核实具体结构、升降方式或规格
office height adjustable desk,59.8,50,升降桌,https://huangsifurniture.com/products/height-adjustable-desk,Natural wording within mapped buyer topic,
small adjustable office desk,59.8,50,升降桌,https://huangsifurniture.com/products/height-adjustable-desk,Natural wording within mapped buyer topic,
small office desk adjustable height,59.8,50,升降桌,https://huangsifurniture.com/products/height-adjustable-desk,Natural wording within mapped buyer topic,
up down office desk,59.8,50,升降桌,https://huangsifurniture.com/products/height-adjustable-desk,Natural wording within mapped buyer topic,
white office desk adjustable height,59.8,50,升降桌,https://huangsifurniture.com/products/height-adjustable-desk,Natural wording within mapped buyer topic,
sofa lounge,59.4,40,休闲沙发,https://huangsifurniture.com/products/lounge-sofas,Natural wording within mapped buyer topic,
adjustable desks for office,59.1,50,升降桌,https://huangsifurniture.com/products/height-adjustable-desk,Natural wording within mapped buyer topic,
adjustable height desks for office,59.1,50,升降桌,https://huangsifurniture.com/products/height-adjustable-desk,Natural wording within mapped buyer topic,
adjustable standing office desks,59.1,50,升降桌,https://huangsifurniture.com/products/height-adjustable-desk,Natural wording within mapped buyer topic,
adjustable table for office,59.1,50,升降桌,https://huangsifurniture.com/products/height-adjustable-desk,Natural wording within mapped buyer topic,
office desks adjustable height,59.1,50,升降桌,https://huangsifurniture.com/products/height-adjustable-desk,Natural wording within mapped buyer topic,
office work adjustable desk,59.1,50,升降桌,https://huangsifurniture.com/products/height-adjustable-desk,Natural wording within mapped buyer topic,
chairs lounge,59,40,休闲椅,https://huangsifurniture.com/products/lounge-chairs,Exact phrase in page,
comfortable office desk,58.7,50,办公桌与工位,https://huangsifurniture.com/products/staff-desk,Natural wording within mapped buyer topic,
computer table for office work,58.3,50,办公桌与工位,https://huangsifurniture.com/products/staff-desk,Natural wording within mapped buyer topic,
configurable office desk,58.3,50,办公桌与工位,https://huangsifurniture.com/products/staff-desk,Natural wording within mapped buyer topic,
durable office desk,58.3,50,办公桌与工位,https://huangsifurniture.com/products/staff-desk,Natural wording within mapped buyer topic,
efficient office desk,58.3,50,办公桌与工位,https://huangsifurniture.com/products/staff-desk,Natural wording within mapped buyer topic,
functional office desk,58.3,50,办公桌与工位,https://huangsifurniture.com/products/staff-desk,Natural wording within mapped buyer topic,
medium office desk,58.3,50,办公桌与工位,https://huangsifurniture.com/products/staff-desk,Natural wording within mapped buyer topic,
office desk for computer,58.3,50,办公桌与工位,https://huangsifurniture.com/products/staff-desk,Natural wording within mapped buyer topic,
office desk for desktop computer,58.3,50,办公桌与工位,https://huangsifurniture.com/products/staff-desk,Natural wording within mapped buyer topic,
office desk options,58.3,50,办公桌与工位,https://huangsifurniture.com/products/staff-desk,Natural wording within mapped buyer topic,
office desk up and down,58.3,50,办公桌与工位,https://huangsifurniture.com/products/staff-desk,Natural wording within mapped buyer topic,
reasonable office desk,58.3,50,办公桌与工位,https://huangsifurniture.com/products/staff-desk,Natural wording within mapped buyer topic,
regular office desk,58.3,50,办公桌与工位,https://huangsifurniture.com/products/staff-desk,Natural wording within mapped buyer topic,
stable office desk,58.3,50,办公桌与工位,https://huangsifurniture.com/products/staff-desk,Natural wording within mapped buyer topic,
up and down office desk,58.3,50,办公桌与工位,https://huangsifurniture.com/products/staff-desk,Natural wording within mapped buyer topic,
versatile office desk,58.3,50,办公桌与工位,https://huangsifurniture.com/products/staff-desk,Natural wording within mapped buyer topic,
vertical office desk,58.3,50,办公桌与工位,https://huangsifurniture.com/products/staff-desk,Natural wording within mapped buyer topic,
chairs for lounge,58.1,40,休闲椅,https://huangsifurniture.com/products/lounge-chairs,Natural wording within mapped buyer topic,
lounge sofa couch,57.9,40,休闲沙发,https://huangsifurniture.com/products/lounge-sofas,Natural wording within mapped buyer topic,
desk office table,57.6,50,办公桌与工位,https://huangsifurniture.com/products/staff-desk,Natural wording within mapped buyer topic,
office desk sturdy,57.6,50,办公桌与工位,https://huangsifurniture.com/products/staff-desk,Natural wording within mapped buyer topic,
office table with computer desk,57.6,50,办公桌与工位,https://huangsifurniture.com/products/staff-desk,Natural wording within mapped buyer topic,
lounge sofas,57.5,40,休闲沙发,https://huangsifurniture.com/products/lounge-sofas,Exact phrase in page,
couch lounge sofa,57.4,40,休闲沙发,https://huangsifurniture.com/products/lounge-sofas,Natural wording within mapped buyer topic,
adjustable desk office design,56.5,50,升降桌,https://huangsifurniture.com/products/height-adjustable-desk,Natural wording within mapped buyer topic,来源搜索量为0，先验证需求
adjustable ergonomic office desk,56.5,50,升降桌,https://huangsifurniture.com/products/height-adjustable-desk,Natural wording within mapped buyer topic,来源搜索量为0，先验证需求
adjustable height desk office,56.5,50,升降桌,https://huangsifurniture.com/products/height-adjustable-desk,Natural wording within mapped buyer topic,来源搜索量为0，先验证需求
adjustable height desks for offices,56.5,50,升降桌,https://huangsifurniture.com/products/height-adjustable-desk,Natural wording within mapped buyer topic,来源搜索量为0，先验证需求
adjustable height l-shaped office desk,56.5,50,升降桌,https://huangsifurniture.com/products/height-adjustable-desk,Natural wording within mapped buyer topic,来源搜索量为0，先验证需求；使用前核实具体结构、升降方式或规格
adjustable height office desks with drawers,56.5,50,升降桌,https://huangsifurniture.com/products/height-adjustable-desk,Topic covered; specific construction or wording requires confirmation,来源搜索量为0，先验证需求；规格或措辞待核实
adjustable height small office desk,56.5,50,升降桌,https://huangsifurniture.com/products/height-adjustable-desk,Natural wording within mapped buyer topic,来源搜索量为0，先验证需求
adjustable l desk for office,56.5,50,升降桌,https://huangsifurniture.com/products/height-adjustable-desk,Natural wording within mapped buyer topic,来源搜索量为0，先验证需求
adjustable l-shaped office desks,56.5,50,升降桌,https://huangsifurniture.com/products/height-adjustable-desk,Natural wording within mapped buyer topic,来源搜索量为0，先验证需求；使用前核实具体结构、升降方式或规格
adjustable office chair counter desk,56.5,50,升降桌,https://huangsifurniture.com/products/height-adjustable-desk,Natural wording within mapped buyer topic,来源搜索量为0，先验证需求
adjustable office chairs standing desk,56.5,50,升降桌,https://huangsifurniture.com/products/height-adjustable-desk,Natural wording within mapped buyer topic,来源搜索量为0，先验证需求
adjustable office desk 72x30,56.5,50,升降桌,https://huangsifurniture.com/products/height-adjustable-desk,Natural wording within mapped buyer topic,来源搜索量为0，先验证需求
adjustable office desk chairs,56.5,50,升降桌,https://huangsifurniture.com/products/height-adjustable-desk,Natural wording within mapped buyer topic,来源搜索量为0，先验证需求
adjustable office desk furniture,56.5,50,升降桌,https://huangsifurniture.com/products/height-adjustable-desk,Natural wording within mapped buyer topic,来源搜索量为0，先验证需求
adjustable office desk large,56.5,50,升降桌,https://huangsifurniture.com/products/height-adjustable-desk,Natural wording within mapped buyer topic,来源搜索量为0，先验证需求
adjustable office desk standing,56.5,50,升降桌,https://huangsifurniture.com/products/height-adjustable-desk,Natural wording within mapped buyer topic,来源搜索量为0，先验证需求
adjustable office desk white,56.5,50,升降桌,https://huangsifurniture.com/products/height-adjustable-desk,Natural wording within mapped buyer topic,来源搜索量为0，先验证需求
adjustable office desk with shelves,56.5,50,升降桌,https://huangsifurniture.com/products/height-adjustable-desk,Topic covered; specific construction or wording requires confirmation,来源搜索量为0，先验证需求；规格或措辞待核实
adjustable office table with drawer,56.5,50,升降桌,https://huangsifurniture.com/products/height-adjustable-desk,Topic covered; specific construction or wording requires confirmation,来源搜索量为0，先验证需求；规格或措辞待核实
adjustable office work tables,56.5,50,升降桌,https://huangsifurniture.com/products/height-adjustable-desk,Natural wording within mapped buyer topic,来源搜索量为0，先验证需求
adjustable small office desk,56.5,50,升降桌,https://huangsifurniture.com/products/height-adjustable-desk,Natural wording within mapped buyer topic,来源搜索量为0，先验证需求
adjustable standing desk for small office,56.5,50,升降桌,https://huangsifurniture.com/products/height-adjustable-desk,Natural wording within mapped buyer topic,来源搜索量为0，先验证需求
adjustable table office,56.5,50,升降桌,https://huangsifurniture.com/products/height-adjustable-desk,Natural wording within mapped buyer topic,来源搜索量为0，先验证需求
adjustable tables for office,56.5,50,升降桌,https://huangsifurniture.com/products/height-adjustable-desk,Natural wording within mapped buyer topic,来源搜索量为0，先验证需求
black adjustable office desk,56.5,50,升降桌,https://huangsifurniture.com/products/height-adjustable-desk,Natural wording within mapped buyer topic,来源搜索量为0，先验证需求
china adjustable height office desk,56.5,50,升降桌,https://huangsifurniture.com/products/height-adjustable-desk,Natural wording within mapped buyer topic,来源搜索量为0，先验证需求
china adjustable office desk,56.5,50,升降桌,https://huangsifurniture.com/products/height-adjustable-desk,Natural wording within mapped buyer topic,来源搜索量为0，先验证需求
china adjustable office table,56.5,50,升降桌,https://huangsifurniture.com/products/height-adjustable-desk,Natural wording within mapped buyer topic,来源搜索量为0，先验证需求
china height adjustable office desk,56.5,50,升降桌,https://huangsifurniture.com/products/height-adjustable-desk,Natural wording within mapped buyer topic,来源搜索量为0，先验证需求
china office height adjustable desk,56.5,50,升降桌,https://huangsifurniture.com/products/height-adjustable-desk,Natural wording within mapped buyer topic,来源搜索量为0，先验证需求
ergonomic adjustable office desks,56.5,50,升降桌,https://huangsifurniture.com/products/height-adjustable-desk,Natural wording within mapped buyer topic,来源搜索量为0，先验证需求
ergonomic office desk height adjustable,56.5,50,升降桌,https://huangsifurniture.com/products/height-adjustable-desk,Natural wording within mapped buyer topic,来源搜索量为0，先验证需求
height adjustable desk benefits office,56.5,50,升降桌,https://huangsifurniture.com/products/height-adjustable-desk,Natural wording within mapped buyer topic,来源搜索量为0，先验证需求
height adjustable open office desk,56.5,50,升降桌,https://huangsifurniture.com/products/height-adjustable-desk,Natural wording within mapped buyer topic,来源搜索量为0，先验证需求
height-adjustable office desk,56.5,50,升降桌,https://huangsifurniture.com/products/height-adjustable-desk,Natural wording within mapped buyer topic,来源搜索量为0，先验证需求
height-adjustable office desks,56.5,50,升降桌,https://huangsifurniture.com/products/height-adjustable-desk,Natural wording within mapped buyer topic,来源搜索量为0，先验证需求
hi low office desk,56.5,50,升降桌,https://huangsifurniture.com/products/height-adjustable-desk,Natural wording within mapped buyer topic,来源搜索量为0，先验证需求
high adjustable office desk,56.5,50,升降桌,https://huangsifurniture.com/products/height-adjustable-desk,Natural wording within mapped buyer topic,来源搜索量为0，先验证需求
high low office desks,56.5,50,升降桌,https://huangsifurniture.com/products/height-adjustable-desk,Natural wording within mapped buyer topic,来源搜索量为0，先验证需求
l shaped adjustable large office desks,56.5,50,升降桌,https://huangsifurniture.com/products/height-adjustable-desk,Natural wording within mapped buyer topic,来源搜索量为0，先验证需求；使用前核实具体结构、升降方式或规格
large office adjustable corner desk,56.5,50,升降桌,https://huangsifurniture.com/products/height-adjustable-desk,Natural wording within mapped buyer topic,来源搜索量为0，先验证需求；使用前核实具体结构、升降方式或规格
modern adjustable height desk office,56.5,50,升降桌,https://huangsifurniture.com/products/height-adjustable-desk,Natural wording within mapped buyer topic,来源搜索量为0，先验证需求
modern office adjustable desk,56.5,50,升降桌,https://huangsifurniture.com/products/height-adjustable-desk,Natural wording within mapped buyer topic,来源搜索量为0，先验证需求
modern office desk with adjustable height,56.5,50,升降桌,https://huangsifurniture.com/products/height-adjustable-desk,Natural wording within mapped buyer topic,来源搜索量为0，先验证需求
office adjustable height desk,56.5,50,升降桌,https://huangsifurniture.com/products/height-adjustable-desk,Natural wording within mapped buyer topic,来源搜索量为0，先验证需求
office auto adjustable table,56.5,50,升降桌,https://huangsifurniture.com/products/height-adjustable-desk,Natural wording within mapped buyer topic,来源搜索量为0，先验证需求
office chairs for adjustable desks,56.5,50,升降桌,https://huangsifurniture.com/products/height-adjustable-desk,Natural wording within mapped buyer topic,来源搜索量为0，先验证需求
office desk l shape adjustable desk,56.5,50,升降桌,https://huangsifurniture.com/products/height-adjustable-desk,Natural wording within mapped buyer topic,来源搜索量为0，先验证需求
office desk with adjustable shelves,56.5,50,升降桌,https://huangsifurniture.com/products/height-adjustable-desk,Topic covered; specific construction or wording requires confirmation,来源搜索量为0，先验证需求；规格或措辞待核实
office desks adjustable,56.5,50,升降桌,https://huangsifurniture.com/products/height-adjustable-desk,Natural wording within mapped buyer topic,来源搜索量为0，先验证需求
office desks height adjustable,56.5,50,升降桌,https://huangsifurniture.com/products/height-adjustable-desk,Natural wording within mapped buyer topic,来源搜索量为0，先验证需求
office desks with adjustable height,56.5,50,升降桌,https://huangsifurniture.com/products/height-adjustable-desk,Natural wording within mapped buyer topic,来源搜索量为0，先验证需求
office desks with adjustable shelves,56.5,50,升降桌,https://huangsifurniture.com/products/height-adjustable-desk,Topic covered; specific construction or wording requires confirmation,来源搜索量为0，先验证需求；规格或措辞待核实
raising and lowering office desk,56.5,50,升降桌,https://huangsifurniture.com/products/height-adjustable-desk,Natural wording within mapped buyer topic,来源搜索量为0，先验证需求
couches for lounge,56.2,40,休闲沙发,https://huangsifurniture.com/products/lounge-sofas,Natural wording within mapped buyer topic,
sofa couch lounge,55.3,40,休闲沙发,https://huangsifurniture.com/products/lounge-sofas,Natural wording within mapped buyer topic,
comfortable office desks,55,50,办公桌与工位,https://huangsifurniture.com/products/staff-desk,Natural wording within mapped buyer topic,来源搜索量为0，先验证需求
computer office table design,55,50,办公桌与工位,https://huangsifurniture.com/products/staff-desk,Natural wording within mapped buyer topic,来源搜索量为0，先验证需求
computer station office desk,55,50,办公桌与工位,https://huangsifurniture.com/products/staff-desk,Natural wording within mapped buyer topic,来源搜索量为0，先验证需求
configurable office desks,55,50,办公桌与工位,https://huangsifurniture.com/products/staff-desk,Natural wording within mapped buyer topic,来源搜索量为0，先验证需求
durable office computer desk,55,50,办公桌与工位,https://huangsifurniture.com/products/staff-desk,Natural wording within mapped buyer topic,来源搜索量为0，先验证需求
fixed office desk,55,50,办公桌与工位,https://huangsifurniture.com/products/staff-desk,Natural wording within mapped buyer topic,来源搜索量为0，先验证需求
functional office desks,55,50,办公桌与工位,https://huangsifurniture.com/products/staff-desk,Natural wording within mapped buyer topic,来源搜索量为0，先验证需求
good office computer desk,55,50,办公桌与工位,https://huangsifurniture.com/products/staff-desk,Natural wording within mapped buyer topic,来源搜索量为0，先验证需求
integrated office desks,55,50,办公桌与工位,https://huangsifurniture.com/products/staff-desk,Natural wording within mapped buyer topic,来源搜索量为0，先验证需求
office desk lightweight,55,50,办公桌与工位,https://huangsifurniture.com/products/staff-desk,Natural wording within mapped buyer topic,来源搜索量为0，先验证需求
office desk with computer station,55,50,办公桌与工位,https://huangsifurniture.com/products/staff-desk,Natural wording within mapped buyer topic,来源搜索量为0，先验证需求
office desks that rise,55,50,办公桌与工位,https://huangsifurniture.com/products/staff-desk,Natural wording within mapped buyer topic,来源搜索量为0，先验证需求
office tables for computers,55,50,办公桌与工位,https://huangsifurniture.com/products/staff-desk,Natural wording within mapped buyer topic,来源搜索量为0，先验证需求
power-integrated office desks,55,50,办公桌与工位,https://huangsifurniture.com/products/staff-desk,Natural wording within mapped buyer topic,来源搜索量为0，先验证需求
adjustable desk storage,53.6,25,升降桌,https://huangsifurniture.com/products/height-adjustable-desk,Natural wording within mapped buyer topic,
heavy duty adjustable desk,53.6,25,升降桌,https://huangsifurniture.com/products/height-adjustable-desk,Topic covered; specific construction or wording requires confirmation,规格或措辞待核实；使用前核实具体结构、升降方式或规格
adjustable desk wood,53.2,25,升降桌,https://huangsifurniture.com/products/height-adjustable-desk,Topic covered; specific construction or wording requires confirmation,规格或措辞待核实
adjustable chair and desk,52.7,25,升降桌,https://huangsifurniture.com/products/height-adjustable-desk,Natural wording within mapped buyer topic,
3 seater sofa lounge,52.2,40,休闲沙发,https://huangsifurniture.com/products/lounge-sofas,Natural wording within mapped buyer topic,
sofas lounge,52.2,40,休闲沙发,https://huangsifurniture.com/products/lounge-sofas,Exact phrase in page,
sofa lounge couch,51.8,40,休闲沙发,https://huangsifurniture.com/products/lounge-sofas,Natural wording within mapped buyer topic,
adjustable ergonomic desk,51,25,升降桌,https://huangsifurniture.com/products/height-adjustable-desk,Natural wording within mapped buyer topic,
work desk adjustable,50.4,25,升降桌,https://huangsifurniture.com/products/height-adjustable-desk,Natural wording within mapped buyer topic,
ergonomic adjustable desks,50.3,25,升降桌,https://huangsifurniture.com/products/height-adjustable-desk,Natural wording within mapped buyer topic,
adjustable desk computer,49.9,25,升降桌,https://huangsifurniture.com/products/height-adjustable-desk,Natural wording within mapped buyer topic,
compact adjustable desk,47.7,25,升降桌,https://huangsifurniture.com/products/height-adjustable-desk,Natural wording within mapped buyer topic,
ergonomic adjustable computer desk,47.7,25,升降桌,https://huangsifurniture.com/products/height-adjustable-desk,Exact phrase in page,
adjustable compact desk,47.3,25,升降桌,https://huangsifurniture.com/products/height-adjustable-desk,Natural wording within mapped buyer topic,
adjustable computer desk chair,47.3,25,升降桌,https://huangsifurniture.com/products/height-adjustable-desk,Natural wording within mapped buyer topic,
adjustable computer desk with drawers,47.3,25,升降桌,https://huangsifurniture.com/products/height-adjustable-desk,Topic covered; specific construction or wording requires confirmation,规格或措辞待核实
adjustable corner computer desk,47.3,25,升降桌,https://huangsifurniture.com/products/height-adjustable-desk,Natural wording within mapped buyer topic,使用前核实具体结构、升降方式或规格
adjustable cubicle desk,47.3,25,升降桌,https://huangsifurniture.com/products/height-adjustable-desk,Natural wording within mapped buyer topic,
adjustable desk 48 x 24,47.3,25,升降桌,https://huangsifurniture.com/products/height-adjustable-desk,Natural wording within mapped buyer topic,
adjustable desk and chair,47.3,25,升降桌,https://huangsifurniture.com/products/height-adjustable-desk,Natural wording within mapped buyer topic,
adjustable desk design,47.3,25,升降桌,https://huangsifurniture.com/products/height-adjustable-desk,Natural wording within mapped buyer topic,
adjustable desk drawers,47.3,25,升降桌,https://huangsifurniture.com/products/height-adjustable-desk,Topic covered; specific construction or wording requires confirmation,规格或措辞待核实
adjustable desk for work,47.3,25,升降桌,https://huangsifurniture.com/products/height-adjustable-desk,Natural wording within mapped buyer topic,
adjustable desk furniture,47.3,25,升降桌,https://huangsifurniture.com/products/height-adjustable-desk,Natural wording within mapped buyer topic,
adjustable desk modern,47.3,25,升降桌,https://huangsifurniture.com/products/height-adjustable-desk,Natural wording within mapped buyer topic,
adjustable desk sizes,47.3,25,升降桌,https://huangsifurniture.com/products/height-adjustable-desk,Natural wording within mapped buyer topic,
adjustable desk station,47.3,25,升降桌,https://huangsifurniture.com/products/height-adjustable-desk,Natural wording within mapped buyer topic,
adjustable desk support,47.3,25,升降桌,https://huangsifurniture.com/products/height-adjustable-desk,Natural wording within mapped buyer topic,原词表达不自然，内容中改用自然英文
adjustable desk system,47.3,25,升降桌,https://huangsifurniture.com/products/height-adjustable-desk,Natural wording within mapped buyer topic,
adjustable desk with chair,47.3,25,升降桌,https://huangsifurniture.com/products/height-adjustable-desk,Natural wording within mapped buyer topic,
adjustable desk with shelf,47.3,25,升降桌,https://huangsifurniture.com/products/height-adjustable-desk,Topic covered; specific construction or wording requires confirmation,规格或措辞待核实
adjustable desk wood top,47.3,25,升降桌,https://huangsifurniture.com/products/height-adjustable-desk,Topic covered; specific construction or wording requires confirmation,规格或措辞待核实
adjustable height cubicle desk,47.3,25,升降桌,https://huangsifurniture.com/products/height-adjustable-desk,Natural wording within mapped buyer topic,
adjustable l shaped computer desk,47.3,25,升降桌,https://huangsifurniture.com/products/height-adjustable-desk,Natural wording within mapped buyer topic,使用前核实具体结构、升降方式或规格
adjustable large desk,47.3,25,升降桌,https://huangsifurniture.com/products/height-adjustable-desk,Natural wording within mapped buyer topic,
adjustable low desk,47.3,25,升降桌,https://huangsifurniture.com/products/height-adjustable-desk,Natural wording within mapped buyer topic,
adjustable shelf desk,47.3,25,升降桌,https://huangsifurniture.com/products/height-adjustable-desk,Topic covered; specific construction or wording requires confirmation,规格或措辞待核实
adjustable sitting desk,47.3,25,升降桌,https://huangsifurniture.com/products/height-adjustable-desk,Natural wording within mapped buyer topic,
adjustable storage desk black,47.3,25,升降桌,https://huangsifurniture.com/products/height-adjustable-desk,Natural wording within mapped buyer topic,
adjustable teacher desk,47.3,25,升降桌,https://huangsifurniture.com/products/height-adjustable-desk,Topic covered; specific construction or wording requires confirmation,规格或措辞待核实
adjustable top desk,47.3,25,升降桌,https://huangsifurniture.com/products/height-adjustable-desk,Topic covered; specific construction or wording requires confirmation,
adjustable width desk,47.3,25,升降桌,https://huangsifurniture.com/products/height-adjustable-desk,Topic covered; specific construction or wording requires confirmation,规格或措辞待核实
adjustable work surface desk,47.3,25,升降桌,https://huangsifurniture.com/products/height-adjustable-desk,Natural wording within mapped buyer topic,
are adjustable desks worth it,47.3,25,升降桌,https://huangsifurniture.com/products/height-adjustable-desk,Natural wording within mapped buyer topic,
automatic adjustable computer desk,47.3,25,升降桌,https://huangsifurniture.com/products/height-adjustable-desk,Natural wording within mapped buyer topic,使用前核实具体结构、升降方式或规格
benefits of adjustable desks,47.3,25,升降桌,https://huangsifurniture.com/products/height-adjustable-desk,Natural wording within mapped buyer topic,
big adjustable desk,47.3,25,升降桌,https://huangsifurniture.com/products/height-adjustable-desk,Natural wording within mapped buyer topic,
design adjustable desk,47.3,25,升降桌,https://huangsifurniture.com/products/height-adjustable-desk,Natural wording within mapped buyer topic,
designer adjustable desk,47.3,25,升降桌,https://huangsifurniture.com/products/height-adjustable-desk,Natural wording within mapped buyer topic,
desk with drawers adjustable height,47.3,25,升降桌,https://huangsifurniture.com/products/height-adjustable-desk,Topic covered; specific construction or wording requires confirmation,规格或措辞待核实
double adjustable desk,47.3,25,升降桌,https://huangsifurniture.com/products/height-adjustable-desk,Natural wording within mapped buyer topic,
l adjustable desk,47.3,25,升降桌,https://huangsifurniture.com/products/height-adjustable-desk,Exact phrase in page,
low adjustable desk,47.3,25,升降桌,https://huangsifurniture.com/products/height-adjustable-desk,Natural wording within mapped buyer topic,
simple adjustable desk,47.3,25,升降桌,https://huangsifurniture.com/products/height-adjustable-desk,Natural wording within mapped buyer topic,
slim adjustable desk,47.3,25,升降桌,https://huangsifurniture.com/products/height-adjustable-desk,Natural wording within mapped buyer topic,
small adjustable computer desk,47.3,25,升降桌,https://huangsifurniture.com/products/height-adjustable-desk,Natural wording within mapped buyer topic,
small computer desk adjustable,47.3,25,升降桌,https://huangsifurniture.com/products/height-adjustable-desk,Natural wording within mapped buyer topic,
stylish adjustable desk,47.3,25,升降桌,https://huangsifurniture.com/products/height-adjustable-desk,Natural wording within mapped buyer topic,
thin adjustable desk,47.3,25,升降桌,https://huangsifurniture.com/products/height-adjustable-desk,Natural wording within mapped buyer topic,
up down computer desk,47.3,25,升降桌,https://huangsifurniture.com/products/height-adjustable-desk,Natural wording within mapped buyer topic,
white adjustable computer desk,47.3,25,升降桌,https://huangsifurniture.com/products/height-adjustable-desk,Natural wording within mapped buyer topic,
white adjustable desks,47.3,25,升降桌,https://huangsifurniture.com/products/height-adjustable-desk,Natural wording within mapped buyer topic,
wide adjustable desk,47.3,25,升降桌,https://huangsifurniture.com/products/height-adjustable-desk,Natural wording within mapped buyer topic,
width adjustable desk,47.3,25,升降桌,https://huangsifurniture.com/products/height-adjustable-desk,Topic covered; specific construction or wording requires confirmation,规格或措辞待核实
writing desk adjustable height,47.3,25,升降桌,https://huangsifurniture.com/products/height-adjustable-desk,Natural wording within mapped buyer topic,
adjustable computer desk for standing,46.6,25,升降桌,https://huangsifurniture.com/products/height-adjustable-desk,Natural wording within mapped buyer topic,
adjustable desk benefits,46.6,25,升降桌,https://huangsifurniture.com/products/height-adjustable-desk,Natural wording within mapped buyer topic,
adjustable desk ergonomic,46.6,25,升降桌,https://huangsifurniture.com/products/height-adjustable-desk,Natural wording within mapped buyer topic,
adjustable desk for computer,46.6,25,升降桌,https://huangsifurniture.com/products/height-adjustable-desk,Natural wording within mapped buyer topic,
adjustable desk for small spaces,46.6,25,升降桌,https://huangsifurniture.com/products/height-adjustable-desk,Natural wording within mapped buyer topic,
adjustable desk large,46.6,25,升降桌,https://huangsifurniture.com/products/height-adjustable-desk,Natural wording within mapped buyer topic,
adjustable desk stylish,46.6,25,升降桌,https://huangsifurniture.com/products/height-adjustable-desk,Natural wording within mapped buyer topic,
adjustable desk with shelves,46.6,25,升降桌,https://huangsifurniture.com/products/height-adjustable-desk,Topic covered; specific construction or wording requires confirmation,规格或措辞待核实
adjustable desks and chairs,46.6,25,升降桌,https://huangsifurniture.com/products/height-adjustable-desk,Natural wording within mapped buyer topic,
adjustable desks for designers,46.6,25,升降桌,https://huangsifurniture.com/products/height-adjustable-desk,Natural wording within mapped buyer topic,
adjustable desks with storage,46.6,25,升降桌,https://huangsifurniture.com/products/height-adjustable-desk,Natural wording within mapped buyer topic,
adjustable height desk for two,46.6,25,升降桌,https://huangsifurniture.com/products/height-adjustable-desk,Natural wording within mapped buyer topic,
adjustable modern desk,46.6,25,升降桌,https://huangsifurniture.com/products/height-adjustable-desk,Natural wording within mapped buyer topic,
adjustable small computer desk,46.6,25,升降桌,https://huangsifurniture.com/products/height-adjustable-desk,Natural wording within mapped buyer topic,
benefits of adjustable desk,46.6,25,升降桌,https://huangsifurniture.com/products/height-adjustable-desk,Natural wording within mapped buyer topic,
height adjustable l shaped computer desk,46.6,25,升降桌,https://huangsifurniture.com/products/height-adjustable-desk,Natural wording within mapped buyer topic,使用前核实具体结构、升降方式或规格
modern adjustable desks,46.6,25,升降桌,https://huangsifurniture.com/products/height-adjustable-desk,Natural wording within mapped buyer topic,
versatile computer desk,46.2,25,办公桌与工位,https://huangsifurniture.com/products/staff-desk,Natural wording within mapped buyer topic,
sitting computer desk,45.8,25,办公桌与工位,https://huangsifurniture.com/products/staff-desk,Natural wording within mapped buyer topic,
up and down computer desk,45.8,25,办公桌与工位,https://huangsifurniture.com/products/staff-desk,Natural wording within mapped buyer topic,
working computer desk,45.1,25,办公桌与工位,https://huangsifurniture.com/products/staff-desk,Natural wording within mapped buyer topic,
